rank,uri,artist_names,track_name,source,peak_rank,previous_rank,weeks_on_chart,streams
1,"spotify:track:3nqQXoyQOWXiESFLlDF1hG","Sam Smith, Kim Petras","Unholy (feat. Kim Petras)","EMI",1,1,2,"2063655"
2,"spotify:track:4uUG5RXrOk84mYEfFvj3cK","David Guetta, Bebe Rexha","I'm Good (Blue)","Parlophone UK",2,2,6,"1428468"
3,"spotify:track:4h9wh7iOZ0GGn8QVp4RAOB","OneRepublic","I Ain't Worried","Interscope Records",1,3,18,"1386684"
4,"spotify:track:4k6Uh1HXdhtusDW5y8Gbvy","Steve Lacy","Bad Habit","L-M Records/RCA Records",1,6,13,"1160297"
5,"spotify:track:2yjlYDiNiQkdxVqTlaSrlX","Nicki Minaj","Super Freaky Girl","Republic Records",1,4,8,"1102321"
6,"spotify:track:4Dvkj6JhhA12EX05fT7y2e","Harry Styles","As It Was","Columbia",1,5,27,"1099198"
7,"spotify:track:39JofJHEtg8I4fSyo7Imft","Eliza Rose, Interplanetary Criminal","B.O.T.A. (Baddest Of Them All) - Edit","Warner Records",6,7,6,"1021794"
8,"spotify:track:3LtpKP5abr2qqjunvjlX5i","Central Cee","Doja","Central Cee",4,10,11,"913087"
9,"spotify:track:02MWAaffLxlfxAUY7c5dvx","Glass Animals","Heat Waves","Polydor Records",1,8,114,"893578"
10,"spotify:track:4h4QlmocP3IuwYEj2j14p8","Nicky Youre, dazy","Sunroof","Thirty Knots/Columbia",8,11,24,"853592"
11,"spotify:track:5IgjP7X4th6nMNDh4akUHb","Chris Brown","Under The Influence","Chris Brown Entertainment/RCA Records",7,12,11,"852696"
12,"spotify:track:0O6u0VJ46W86TxN9wgyqDj","Post Malone, Doja Cat","I Like You (A Happier Song) (with Doja Cat)","Mercury Records/Republic Records",6,9,18,"830587"
13,"spotify:track:13Irp51zj01BZu2XtDrnAg","Lizzo","2 Be Loved (Am I Ready)","Nice Life/Atlantic",13,16,8,"790957"
14,"spotify:track:1xzi1Jcr7mEi9K2RfzLOqS","Beyoncé","CUFF IT","Parkwood Entertainment/Columbia",14,18,10,"770318"
15,"spotify:track:5PjdY0CKGZdEuoNab3yDmX","The Kid LAROI, Justin Bieber","STAY (with Justin Bieber)","Columbia",1,13,65,"765974"
16,"spotify:track:5TJEBoTCDbJXiKMdCN9pd3","Elton John, Britney Spears","Hold Me Closer","EMI",11,14,6,"733421"
17,"spotify:track:6HMtHNpW6YPi1hrw9tgF8P","Lizzo","About Damn Time","Nice Life/Atlantic",3,15,23,"726263"
18,"spotify:track:40SBS57su9xLiE1WqkXOVr","LF SYSTEM","Afraid To Feel","Warner Records",18,19,11,"716829"
19,"spotify:track:38T0tPVZHcPZyhtOcCP7pF","Lil Nas X","STAR WALKIN' (League of Legends Worlds Anthem)","Columbia",19,22,2,"673708"
20,"spotify:track:6JIC3hbC28JZKZ8AlAqX8h","Elton John, Dua Lipa, PNAU","Cold Heart - PNAU Remix","EMI",1,26,60,"657339"
21,"spotify:track:0hquQWY3xvYqN4qtiquniF","Doja Cat","Vegas (From the Original Motion Picture Soundtrack ELVIS)","Kemosabe Records/RCA Records",4,21,21,"657033"
22,"spotify:track:76OGwb5RA9h4FxQPT33ekc","Rosa Linn","SNAP","Columbia",18,23,12,"646356"
23,"spotify:track:1qEmFfgcLObUfQm0j1W2CK","Harry Styles","Late Night Talking","Columbia",2,28,20,"643193"
24,"spotify:track:27ZZdyTSQWI7Cug2d2PkqV","Armani White","BILLIE EILISH.","Legendbound, LLC / Def Jam Recordings",24,27,8,"639691"
25,"spotify:track:0wHFktze2PHC5jDt3B17DC","Jack Harlow","First Class","Generation Now/Atlantic",1,25,26,"636610"
26,"spotify:track:75FEaRjZTKLhTrFGsfMUXR","Kate Bush","Running Up That Hill (A Deal With God) - 2018 Remaster","Rhino",1,17,19,"626195"
27,"spotify:track:48UKTR66uUOT9LaUvooTNx","Luke Combs","The Kind of Love We Make","River House Artists/Columbia Nashville",24,29,16,"625107"
28,"spotify:track:2TktkzfozZifbQhXjT6I33","Omar Apollo","Evergreen (You Didn’t Deserve Me At All)","Warner Records",28,38,3,"614702"
29,"spotify:track:2QjOHCTQ1Jl3zawyYOpxh6","The Neighbourhood","Sweater Weather","Columbia",24,30,102,"599884"
30,"spotify:track:6xGruZOHLs39ZbVccQTuPZ","Joji","Glimpse of Us","88rising Music/Warner Records",1,24,17,"597763"
31,"spotify:track:0N9C80kcgL0xXGduKnYKWi","Mac Miller, The Temper Trap","Love Lost","Rostrum Records",21,34,11,"564094"
32,"spotify:track:3WMj8moIAXJhHsyLaqIIHI","Zach Bryan","Something in the Orange","Warner Records",32,37,16,"556598"
33,"spotify:track:1xK59OXxi2TAAAbmZK0kBL","d4vd","Romantic Homicide","Darkroom/Interscope Records",33,39,5,"551703"
34,"spotify:track:5uSFGgIfHMT3osrAd9n9ym","Lewis Capaldi","Forget Me","Vertigo Berlin",24,32,4,"549721"
35,"spotify:track:003vvx7Niy0yvhvHt4a68B","The Killers","Mr. Brightside","Island Records",23,36,302,"542815"
36,"spotify:track:7gRFDGEzF9UkBV233yv2dc","BLACKPINK","Shut Down","YG Entertainment/Interscope Records",10,20,3,"537326"
37,"spotify:track:3uUuGVFu1V7jTQL60S1r8z","Lost Frequencies, Calum Scott","Where Are You Now","Epic Amsterdam",4,35,53,"536815"
38,"spotify:track:6I3mqTwhRpn34SLVafSH7G","Justin Bieber","Ghost","RBMG/Def Jam",8,31,54,"536369"
39,"spotify:track:7jtQIBanIiJOMS6RyCx6jZ","Tom Odell","Another Love","ITNO/Columbia",29,40,42,"531595"
40,"spotify:track:3xWGA8pa0IKFI7IMPri4P0","Ed Sheeran","Shivers","Atlantic Records UK",4,33,56,"530475"
41,"spotify:track:1DIXPcTDzTj8ZMHt3PDt8p","Coolio, L.V.","Gangsta's Paradise","Tommy Boy Music, LLC",41,62,44,"524952"
42,"spotify:track:10xV5l9nhLvFpR8mqzs0bL","Marshmello, Khalid","Numb","Joytime Collective/RCA Records",34,42,17,"500845"
43,"spotify:track:6ex1Pz3pntgy4NPtxHXN2V","Ed Sheeran","Bad Habits","Atlantic Records UK",2,41,67,"487639"
44,"spotify:track:4zN21mbAuaD0WqtmaTZZeP","James Hype, Miggy Dela Rosa","Ferrari","Universal-Island Records Ltd.",44,55,7,"479341"
45,"spotify:track:0e5UZadoZ5me957hKsxRYh","JVKE","golden hour","JVKE",39,44,6,"473925"
46,"spotify:track:5pyoxDZ1PX0KxBxiRVxA4U","Beyoncé","BREAK MY SOUL","Parkwood Entertainment/Columbia",8,43,16,"468274"
47,"spotify:track:59nOXPmaKlBfGMDeOVGrIK","Future, Drake, Tems","WAIT FOR U (feat. Drake & Tems)","Epic/Freebandz",8,50,23,"466584"
48,"spotify:track:3F5CgOj3wFlRv51JsHbxhe","Drake, 21 Savage","Jimmy Cooks (feat. 21 Savage)","OVO",4,46,16,"460972"
49,"spotify:track:68Dni7IE4VyPkTOH9mRWHr","J. Cole","No Role Modelz","Roc Nation Records LLC",29,53,171,"459965"
50,"spotify:track:3sNVsP50132BTNlImLx70i","Kanye West","Bound 2","Rock The World/IDJ/Kanye/LP6",36,47,22,"451057"
51,"spotify:track:2LBqCSwhJGcFQeTHMVGwy3","The Weeknd","Die For You","Universal Republic Records",31,48,20,"446524"
52,"spotify:track:5hnGrTBaEsdukpDF6aZg8a","Dean Lewis","How Do I Say Goodbye","Universal Music Australia Pty. Ltd.",52,56,5,"427454"
53,"spotify:track:4RVwu0g32PAqgUiJoXsdF8","Billie Eilish","Happier Than Ever","Darkroom/Interscope Records",3,45,62,"414146"
54,"spotify:track:1r8ZCjfrQxoy2wVaBUbpwg","The Kid LAROI","Thousand Miles","Columbia",3,54,24,"389504"
55,"spotify:track:4cacyP5c3PMlfnyjpg13xW","Yung Gravy","Betty (Get Money)","Republic Records",19,51,14,"388158"
56,"spotify:track:7yq4Qj7cqayVTp3FF9CWbm","Vance Joy","Riptide","Atlantic Records",40,57,300,"387346"
57,"spotify:track:4OmfWzukSVD140NiAIEjem","Steve Lacy","Static","L-M Records/RCA Records",57,70,7,"381541"
58,"spotify:track:3GZD6HmiNUhxXYf8Gch723","Frank Ocean","Lost","Red Zone Entertainment / IDJ",17,68,48,"376286"
59,"spotify:track:0ofHAoxe9vBkTCp2UQIavz","Fleetwood Mac","Dreams - 2004 Remaster","Rhino/Warner Records",7,66,222,"371135"
60,"spotify:track:37y7iDayfwm3WXn5BiAoRk","Steve Lacy","Dark Red","Three Quarter",55,78,61,"369655"
61,"spotify:track:6qmvAJSUfVGMubvI2awW7p","Tate McRae","uh oh","RCA Records Label",61,-1,1,"367044"
62,"spotify:track:7DbdUf8aHSYoliSjO6LZv6","Beach Weather","Sex, Drugs, Etc.","8123 / Arista Records",62,76,8,"366396"
63,"spotify:track:4ZtFanR9U6ndgddUvNcjcG","Olivia Rodrigo","good 4 u","Olivia Rodrigo PS",1,58,73,"364349"
64,"spotify:track:5A5bLKdL5I3k3FTEQlAUw7","SUPER-Hi, NEEKA","Following the Sun","BLENDED",16,59,32,"361298"
65,"spotify:track:4KGNI037I8ZA6n3h6LYuey","R3HAB, Amy Shark","Sway My Way (with Amy Shark)","CYB3RPVNK",34,64,13,"360410"
66,"spotify:track:0u2P5u6lvoDfwTYjAADbn4","Billie Eilish, Khalid","lovely (with Khalid)","Darkroom",5,60,229,"358336"
67,"spotify:track:0VjIjW4GlUZAMYd2vXMi3b","The Weeknd","Blinding Lights","Republic Records",1,65,149,"352454"
68,"spotify:track:0JzG1wJuB4v9UPkSE7LMXi","Montell Fish","Hotel","Lord’s Child, LLC",45,52,3,"352436"
69,"spotify:track:7qEHsqek33rTcFNT9PFqLf","Lewis Capaldi","Someone You Loved","Vertigo Berlin",4,63,193,"351875"
70,"spotify:track:6UelLqGlWMcVH1E5c4H7lY","Harry Styles","Watermelon Sugar","Columbia",3,61,151,"348895"
71,"spotify:track:3sa06xVNmLLYIxdNNmVQN8","Jax Jones, MNEK","Where Did You Go? (feat. MNEK)","Polydor Records",34,69,21,"344973"
72,"spotify:track:5zwwW9Oq7ubSxoCGyW1nbY","BLACKPINK","Pink Venom","YG Entertainment/Interscope Records",11,49,7,"344923"
73,"spotify:track:7mykoq6R3BArsSpNDjFQTm","Rosa Walton, Hallie Coggins","I Really Want to Stay at Your House","Lakeshore Records",73,81,2,"342811"
74,"spotify:track:54ipXppHLA8U4yqpOFTUhr","Imagine Dragons","Bones","Kid Ina Korner / Interscope",74,82,5,"341931"
75,"spotify:track:7l9IqDtVWJurTvkQHq1BGh","Tate McRae","she's all i wanna be","RCA Records Label",19,73,35,"338496"
76,"spotify:track:7a8GawTVgHZvBLQOh46he7","Arctic Monkeys","I Wanna Be Yours","Domino Recording Co",76,108,8,"337698"
77,"spotify:track:6Qyc6fS4DsZjB2mRW9DsQs","The Goo Goo Dolls","Iris","Warner Records",36,75,83,"337625"
78,"spotify:track:5nujrmhLynf4yMoMtj8AQF","Dua Lipa, DaBaby","Levitating (feat. DaBaby)","Warner Records",4,72,104,"337394"
79,"spotify:track:7lQ8MOhq6IN2w8EYcFNSUk","Eminem","Without Me","Aftermath",42,71,62,"337121"
80,"spotify:track:1mMLMZYXkMueg65jRRWG1l","Luke Combs","When It Rains It Pours","River House Artists/Columbia Nashville",47,67,6,"336631"
81,"spotify:track:22skzmqfdWrjJylampe0kt","Macklemore & Ryan Lewis, Macklemore, Ryan Lewis, Ray Dalton","Can't Hold Us (feat. Ray Dalton)","Macklemore",69,84,172,"334806"
82,"spotify:track:5Z9KJZvQzH6PFmb8SNkxuk","Lil Nas X, Jack Harlow","INDUSTRY BABY (feat. Jack Harlow)","Columbia",2,74,63,"329795"
83,"spotify:track:7MXVkk9YMctZqd1Srtv4MB","The Weeknd, Daft Punk","Starboy","Universal Republic Records",1,77,134,"325142"
84,"spotify:track:3yfqSUWxFvZELEM4PmlwIR","Eminem","The Real Slim Shady","Interscope",56,85,78,"323477"
85,"spotify:track:1cKHdTo9u0ZymJdPGSh6nq","The Weeknd, Gesaffelstein","I Was Never There","Universal Republic Records",28,80,23,"322940"
86,"spotify:track:3E7dfMvvCLUddWissuqMwr","Miley Cyrus","Party In The U.S.A.","Hollywood Records",58,79,207,"315911"
87,"spotify:track:2DB4DdfCFMw1iaR6JaR03a","Camila Cabello, Ed Sheeran","Bam Bam (feat. Ed Sheeran)","Epic",13,83,31,"314784"
88,"spotify:track:3Oww84xrmgjyr5J1ilOmAf","Luude, Colin Hay","Down Under (feat. Colin Hay)","Sweat It Out",7,93,42,"312597"
89,"spotify:track:4bHsxqR3GMrXTxEPLuK5ue","Journey","Don't Stop Believin'","Columbia",85,90,184,"312353"
90,"spotify:track:6VhuP99TE6gYNQRJIlAWFD","Stephen Sanchez","Until I Found You","Republic Records",56,94,20,"310995"
91,"spotify:track:0ntQJM78wzOLVeCUAW7Y45","Kings of Leon","Sex on Fire","RCA/Legacy",83,99,78,"308812"
92,"spotify:track:2rxQMGVafnNaRaXlRMWPde","Luke Combs","Beautiful Crazy","River House Artists/Columbia Nashville",56,95,4,"308125"
93,"spotify:track:46IZ0fSY2mpAiktS3KOqds","Adele","Easy On Me","Columbia",1,89,51,"307058"
94,"spotify:track:0RiRZpuVRbi7oqRdSMwhQY","Post Malone, Swae Lee","Sunflower - Spider-Man: Into the Spider-Verse","Republic Records",1,103,207,"303598"
95,"spotify:track:1R0a2iXumgCiFb7HEZ7gUE","Taylor Swift","Don’t Blame Me","Big Machine Records, LLC",40,123,22,"302226"
96,"spotify:track:21DuXS5wpeO1z0dp445bop","Vance Joy","Clarity","Atlantic Records",50,91,26,"302017"
97,"spotify:track:4RvWPyQ5RL0ao9LPZeSouE","Tears For Fears","Everybody Wants To Rule The World","UMC (Universal Music Catalogue)",55,92,19,"300802"
98,"spotify:track:3GYlZ7tbxLOxe6ewMNVTkw","Billie Eilish","TV","Darkroom/Interscope Records",21,101,7,"298911"
99,"spotify:track:0GONea6G2XdnHWjNZd6zt3","Bryan Adams","Summer Of '69","A&M",94,125,181,"296159"
100,"spotify:track:4pi1G1x8tl9VfdD9bL3maT","Latto","Big Energy","Streamcut/RCA Records",24,106,31,"293769"
101,"spotify:track:0e8nrvls4Qqv5Rfa2UhqmO","Lil Nas X","THATS WHAT I WANT","Columbia",6,96,55,"293439"
102,"spotify:track:5qrSlOut2rNAWv3ubArkNy","Dean Lewis","Be Alright","Universal Music Australia Pty. Ltd.",1,131,223,"291649"
103,"spotify:track:3ZCTVFBt2Brf31RLEnCkWJ","Billie Eilish","everything i wanted","Darkroom/Interscope Records",2,87,66,"290798"
104,"spotify:track:3azJifCSqg9fRij2yKIbWz","Tory Lanez","The Color Violet","One Umbrella Records",88,88,7,"288479"
105,"spotify:track:1v7L65Lzy0j0vdpRjJewt1","Eminem","Lose Yourself - From ""8 Mile"" Soundtrack","Aftermath",47,110,193,"288171"
106,"spotify:track:58ge6dfP91o9oXMzq3XkIS","Arctic Monkeys","505","Domino/Warner Records",84,115,33,"287427"
107,"spotify:track:0mBP9X2gPCuapvpZ7TGDk3","Charlie Puth, Jung Kook, BTS","Left and Right (Feat. Jung Kook of BTS)","Atlantic Records",18,86,15,"287226"
108,"spotify:track:6Uj1ctrBOjOas8xZXGqKk4","Doja Cat","Woman","Kemosabe Records/RCA Records",12,100,63,"285295"
109,"spotify:track:4Li2WHPkuyCdtmokzW2007","JAY-Z, Kanye West","Ni**as In Paris","Roc Nation/RocAFella/IDJ",81,105,62,"284317"
110,"spotify:track:4EWCNWgDS8707fNSZ1oaA5","Kanye West","Heartless","Roc-A-Fella",45,102,24,"284013"
111,"spotify:track:3CIyK1V4JEJkg02E4EJnDl","Imagine Dragons, JID, Arcane, League of Legends","Enemy (with JID) - from the series Arcane League of Legends","Kid Ina Korner / Interscope",14,98,47,"283373"
112,"spotify:track:5wANPM4fQCJwkGd4rN57mH","Olivia Rodrigo","drivers license","Olivia Rodrigo PS",1,97,91,"282773"
113,"spotify:track:3AJwUDP919kvQ9QcozQPxg","Coldplay","Yellow","Parlophone UK",66,107,87,"281684"
114,"spotify:track:2wGSgTmgSF3xjRrHkTc25R","The Game, 50 Cent","Hate It Or Love It","Geffen",61,111,15,"281115"
115,"spotify:track:1mea3bSkSGXuIRvnydlB5b","Coldplay","Viva La Vida","Parlophone UK",98,104,6,"280653"
116,"spotify:track:0gucTLf7trAf37Ua1uAyAu","Nirvana","Smells Like Teen Spirit","Geffen",88,113,92,"279889"
117,"spotify:track:3DarAbFujv6eYNliUTyqtz","Doja Cat, SZA","Kiss Me More (feat. SZA)","Kemosabe Records/RCA Records",1,116,78,"279472"
118,"spotify:track:7iL6o9tox1zgHpKUfh9vuC","50 Cent","In Da Club","Shady Records",55,109,35,"279298"
119,"spotify:track:2tpWsVSb9UEmDRxAl1zhX1","OneRepublic","Counting Stars","Mosley / Interscope",88,126,108,"278497"
120,"spotify:track:2VxeLyX666F8uXCJ0dZF8B","Lady Gaga, Bradley Cooper","Shallow","A Star is Born OST",5,129,209,"276125"
121,"spotify:track:7ef4DlsgrMEH11cDZd32M6","Calvin Harris, Dua Lipa","One Kiss (with Dua Lipa)","Sony Music UK",6,112,65,"275814"
122,"spotify:track:5uCax9HTNlzGybIStD3vDh","James Arthur","Say You Won't Let Go","Columbia",5,122,302,"275094"
123,"spotify:track:0cqRj7pUJDkTCEsJkx8snD","Taylor Swift","Shake It Off","Big Machine Records, LLC",97,118,59,"274186"
124,"spotify:track:43zdsphuZLzwA9k4DJhU0I","Billie Eilish","when the party's over","Darkroom/Interscope Records",2,130,113,"273602"
125,"spotify:track:0frIZMaQwtdV4Ee8nhB1te","Cold Chisel","Khe Sanh - 2011 Remastered","Cold Chisel",54,145,139,"273532"
126,"spotify:track:21jGcNKet2qwijlDFuPiPb","Post Malone","Circles","Republic Records",2,114,162,"273281"
127,"spotify:track:2HbKqm4o0w5wEeEFXm2sD4","Kendrick Lamar, Jay Rock","Money Trees","Aftermath",45,120,37,"271285"
128,"spotify:track:0nrRP2bk19rLc0orkWPQk2","Avicii","Wake Me Up","Universal Music AB",33,134,124,"270640"
129,"spotify:track:2eAvDnpXP5W0cVtiI0PUxV","Ruth B.","Dandelions","Columbia",66,117,39,"269179"
130,"spotify:track:09mEdoA6zrmBPgTEN5qXmN","The Weeknd","Call Out My Name","Universal Republic Records",3,121,43,"269098"
131,"spotify:track:7fBv7CLKzipRk6EC6TWHOB","The Weeknd","The Hills","Universal Republic Records",70,124,22,"268719"
132,"spotify:track:3rq5w4bQGigXOfdN30ATJt","Arctic Monkeys","Do I Wanna Know?","Domino Recording Co",95,140,33,"267014"
133,"spotify:track:07GvNcU1WdyZJq3XxP0kZa","Fleetwood Mac","Go Your Own Way - 2004 Remaster","Rhino/Warner Records",65,139,160,"266271"
134,"spotify:track:4kbj5MwxO1bq9wjT5g9HaA","WALK THE MOON","Shut Up and Dance","RCA Records Label",93,133,105,"264844"
135,"spotify:track:2374M0fQpWi3dLnB54qaLX","TOTO","Africa","Columbia",71,137,225,"263792"
136,"spotify:track:7KwZNVEaqikRSBSpyhXK2j","The Notorious B.I.G.","Hypnotize - 2014 Remaster","Rhino Atlantic",91,154,42,"263583"
137,"spotify:track:5UWwZ5lm5PKu6eKsHAGxOk","Foo Fighters","Everlong","RCA Records Label",45,127,13,"263566"
138,"spotify:track:5YbPxJwPfrj7uswNwoF1pJ","Burna Boy","Last Last","Spaceship/ Bad Habit/Atlantic Records",118,132,9,"263302"
139,"spotify:track:4tqcoej1zPvwePZCzuAjJd","J. Cole","Wet Dreamz","Roc Nation Records LLC",88,128,34,"262314"
140,"spotify:track:0pqnGHJpmpxLKifKRmU6WP","Imagine Dragons","Believer","Kid Ina Korner / Interscope",34,142,265,"262033"
141,"spotify:track:2gam98EZKrF9XuOkU13ApN","Nelly Furtado, Timbaland","Promiscuous","Mosley / Geffen",90,143,100,"261392"
142,"spotify:track:0tgVpDi06FyKpA1z0VMD4v","Ed Sheeran","Perfect","Atlantic Records UK",7,-1,271,"260566"
143,"spotify:track:4oxGI8yyghLuMV7ybRG3kg","Central Cee","Obsessed With You","Central Cee",24,180,13,"259868"
144,"spotify:track:3yrSvpt2l1xhsV9Em88Pul","Van Morrison","Brown Eyed Girl","Columbia/Legacy",116,159,104,"259211"
145,"spotify:track:5QM0SsyzmBM0pbFY52Xj1X","Sam Smith","I'm Not The Only One","Capitol",136,177,10,"258262"
146,"spotify:track:37ZJ0p5Jm13JPevGcx4SkF","Bon Jovi","Livin' On A Prayer","Island Records",131,141,21,"257710"
147,"spotify:track:48q0vSHcJdhK3IiXH8C5WJ","Arctic Monkeys","Why'd You Only Call Me When You're High?","Domino Recording Co",111,186,26,"255577"
148,"spotify:track:1u8c2t2Cy7UBoG4ArRcF5g","Taylor Swift","Blank Space","Big Machine Records, LLC",126,146,56,"254943"
149,"spotify:track:1FEiijYPJtyswChfcpv3p0","Lana Del Rey","Summertime Sadness","Urban",109,135,11,"254919"
150,"spotify:track:4XvcHTUfIlWfyJTRG0aqlo","Sleepy Hallow","2055","Winners Circle/RCA Records",10,138,67,"254612"
151,"spotify:track:6IBcOGPsniK3Pso1wHIhew","Luke Combs","Forever After All","River House Artists/Columbia Nashville",34,119,31,"253784"
152,"spotify:track:7o2CTH4ctstm8TNelqjb51","Guns N' Roses","Sweet Child O' Mine","Guns N Roses P&D",108,151,14,"253380"
153,"spotify:track:7xTDT7gyIrv0xWpwwXExxU","Ed Sheeran","Celestial","Atlantic Records UK",153,-1,1,"253331"
154,"spotify:track:2N8m6CYs74qQO4mjVcXO30","Tones And I","Dance Monkey","Elektra (NEK)",1,172,177,"252459"
155,"spotify:track:7aEtlGHoiPAfRB084NiDmx","Luke Combs","Beer Never Broke My Heart","River House Artists/Columbia Nashville",73,144,7,"251885"
156,"spotify:track:3dYD57lRAUcMHufyqn9GcI","Hozier","Take Me to Church","Columbia",97,163,121,"250671"
157,"spotify:track:0WtM2NBVQNNJLh6scP13H8","Rema, Selena Gomez","Calm Down (with Selena Gomez)","Mavin Records / Jonzing World",132,157,4,"250381"
158,"spotify:track:2SiXAy7TuUkycRVbbWDEpo","AC/DC","You Shook Me All Night Long","Columbia",133,168,39,"249668"
159,"spotify:track:1Fid2jjqsHViMX6xNH70hE","Seafret","Atlantis","Sweet Jane Recordings",137,156,6,"249271"
160,"spotify:track:0wXuerDYiBnERgIpbb3JBR","Childish Gambino","Redbone","Glassnote Entertainment Group LLC",16,152,131,"248542"
161,"spotify:track:4xkOaSrkexMciUUogZKVTS","Eminem, Nate Dogg","Till I Collapse","Aftermath",91,164,78,"248483"
162,"spotify:track:6Amt2E3nanH9lhZnas9oOs","Choirboys","Run To Paradise","Big Bad Music",69,153,80,"247746"
163,"spotify:track:4u7EnebtmKWzUH433cf5Qv","Queen","Bohemian Rhapsody - Remastered 2011","Hollywood Records",24,155,141,"247053"
164,"spotify:track:5rb9QrpfcKFHM1EUbSIurX","Usher, Lil Jon, Ludacris","Yeah! (feat. Lil Jon & Ludacris)","LaFace Records",147,165,58,"245228"
165,"spotify:track:2iUXsYOEPhVqEBwsqP70rE","5 Seconds of Summer","Youngblood","Capitol",1,188,228,"245057"
166,"spotify:track:7aZiDdufBX2Ek8OUuxK0IQ","Hilltop Hoods","The Nosebleed Section","UME - Global Clearing House",105,-1,39,"244922"
167,"spotify:track:6FE2iI43OZnszFLuLtvvmg","MKTO","Classic","Columbia/M2V",70,150,111,"244753"
168,"spotify:track:3PfIrDoz19wz7qK7tYeu62","Dua Lipa","Don't Start Now","Warner Records",2,176,152,"244614"
169,"spotify:track:1KGi9sZVMeszgZOWivFpxs","TLC","No Scrubs","Arista/LaFace Records",128,173,61,"244454"
170,"spotify:track:58HvfVOeJY7lUuCqF0m3ly","Elley Duhé","MIDDLE OF THE NIGHT","Not Fit For Society/RCA Records",17,149,34,"243627"
171,"spotify:track:1zi7xx7UVEFkmKfv06H8x0","Drake, Wizkid, Kyla","One Dance","Cash Money Records/Young Money Ent./Universal Rec.",26,170,142,"243524"
172,"spotify:track:4HlFJV71xXKIGcU3kRyttv","Train","Hey, Soul Sister","Columbia",102,162,178,"242699"
173,"spotify:track:2gMXnyrvIjhVBUZwvLZDMP","Lewis Capaldi","Before You Go","Vertigo Berlin",10,161,150,"242497"
174,"spotify:track:3UmaczJpikHgJFyBTAJVoz","Eminem, Dido","Stan","Interscope",81,167,34,"242162"
175,"spotify:track:1oFAF1hdPOickyHgbuRjyX","The Weeknd, Ariana Grande","Save Your Tears (Remix) (with Ariana Grande) - Bonus Track","XO / Republic Records",12,189,76,"241899"
176,"spotify:track:2pxxVkNhrRST8fpgA12ru8","Powderfinger","My Happiness","Universal Music Australia Pty. Ltd.",67,-1,95,"241234"
177,"spotify:track:7FGq80cy8juXBCD2nrqdWU","benny blanco, Halsey, Khalid","Eastside (with Halsey & Khalid)","Friends Keep Secrets/Interscope Records",1,-1,154,"240975"
178,"spotify:track:2LawezPeJhN4AWuSB0GtAU","Creedence Clearwater Revival","Have You Ever Seen The Rain","Craft Recordings",174,197,7,"240955"
179,"spotify:track:6feiJqgHqeSvkGUzf11AYs","Becky Hill, David Guetta","Remember (and David Guetta)","Polydor Records",39,147,14,"240490"
180,"spotify:track:5TRPicyLGbAF2LGBFbHGvO","Kanye West, Dwele","Flashing Lights","Roc-A-Fella",180,-1,2,"240122"
181,"spotify:track:7DFNE7NO0raLIUbgzY2rzm","Passenger","Let Her Go","Nettwerk Music Group",85,187,204,"239102"
182,"spotify:track:286TLtk120rnrmVeQClDTc","Empire of the Sun","Walking On A Dream","EMI Recorded Music Australia Pty Ltd",100,198,41,"238181"
183,"spotify:track:7BqBn9nzAq8spo5e7cZ0dJ","Bruno Mars","Just the Way You Are","Atlantic Records",99,183,70,"238125"
184,"spotify:track:3Fzlg5r1IjhLk2qRw667od","Toploader","Dancing in the Moonlight","Sony Soho Square",150,184,35,"238083"
185,"spotify:track:5qqabIl2vWzo9ApSC317sa","Oasis","Wonderwall - Remastered","Big Brother Recordings Ltd",101,190,265,"238039"
186,"spotify:track:2PpruBYCo4H7WOBJ7Q2EwM","Outkast","Hey Ya!","Arista",105,182,64,"238006"
187,"spotify:track:3Vby4nGmtbDo7HDJamOWkT","Stealers Wheel","Stuck In The Middle With You","UMC (Universal Music Catalogue)",187,-1,1,"237348"
188,"spotify:track:0I3q5fE6wg7LIfHGngUTnV","Outkast","Ms. Jackson","Arista/LaFace Records",166,166,14,"237197"
189,"spotify:track:6K4t31amVTZDgR3sKmwUJJ","Tame Impala","The Less I Know The Better","Universal Music Australia Pty. Ltd.",17,199,145,"235803"
190,"spotify:track:1GjbTNFImFrjFsNdleDe78","INXS","Never Tear Us Apart","Rhino Atlantic",100,-1,10,"234593"
191,"spotify:track:51pshtuYkgUQnt5huMPbKL","Mac Miller","The Spins","Rostrum Records",112,191,47,"234167"
192,"spotify:track:04sN26COy28wTXYj3dMoiZ","Billie Eilish","Bored","Darkroom",50,136,13,"233956"
193,"spotify:track:2Fxmhks0bxGSBdJ92vM42m","Billie Eilish","bad guy","Darkroom/Interscope Records",1,174,136,"233880"
194,"spotify:track:68EkhVWIeULhHxcbi1QhzK","AJR","World's Smallest Violin","S-Curve Records",158,160,7,"232605"
195,"spotify:track:4kLLWz7srcuLKA7Et40PQR","Black Eyed Peas","I Gotta Feeling","Interscope",83,195,26,"232368"
196,"spotify:track:0d28khcov6AiegSCpG5TuT","Gorillaz","Feel Good Inc.","Parlophone UK",95,-1,19,"232346"
197,"spotify:track:0y60itmpH0aPKsFiGxmtnh","WILLOW","Wait a Minute!","Roc Nation W Smith P&D",17,181,43,"231923"
198,"spotify:track:49x8Zp5wDjoquBE1THLLCV","The Temper Trap","Sweet Disposition","Glassnote/Columbia",121,175,15,"231731"
199,"spotify:track:5TXDeTFVRVY7Cvt0Dw4vWW","XXXTENTACION","Revenge","Bad Vibes Forever / EMPIRE",67,171,44,"231624"
200,"spotify:track:1Slwb6dOYkBlWal1PGtnNg","Ed Sheeran","Thinking out Loud","Atlantic Records UK",68,-1,228,"231580"
